[
  {
    "input": "Egg, Onion",
    "output": "Egg Onion Masala: saut\u00e9 onions, add spices, scramble eggs, finish with coriander."
  },
  {
    "input": "Tomato, Cheese",
    "output": "Tomato Cheese Sandwich: toast bread, layer cheese and tomato, grill till melted."
  },
  {
    "input": "Potato, Peas",
    "output": "Aloo Matar: cook potatoes and peas in spiced tomato gravy."
  },
  {
    "input": "Chicken, Yogurt",
    "output": "Yogurt Chicken Curry: marinate chicken in yogurt and spices, simmer into curry."
  },
  {
    "input": "Paneer, Capsicum",
    "output": "Paneer Jalfrezi: stir-fry paneer with capsicum, onion, spices."
  },
  {
    "input": "Rice, Egg",
    "output": "Egg Fried Rice: scramble eggs, toss with rice, soy sauce, spring onion."
  },
  {
    "input": "Chickpeas, Tomato",
    "output": "Chole: chickpeas in spiced tomato-onion gravy."
  },
  {
    "input": "Spinach, Paneer",
    "output": "Palak Paneer: blend spinach, simmer with paneer and spices."
  },
  {
    "input": "Dal, Tomato",
    "output": "Tomato Dal: boil lentils, temper with tomato, cumin, garlic."
  },
  {
    "input": "Fish, Lemon",
    "output": "Lemon Garlic Fish: pan-sear fish with lemon, garlic, butter."
  },
  {
    "input": "Mushroom, Garlic",
    "output": "Garlic Mushroom Stir-fry: saut\u00e9 mushrooms with garlic, soy, pepper."
  },
  {
    "input": "Carrot, Beans",
    "output": "Carrot Beans Poriyal: saut\u00e9 with mustard, curry leaves, coconut."
  },
  {
    "input": "Cabbage, Peas",
    "output": "Cabbage Peas Sabzi: stir-fry cabbage and peas with turmeric and cumin."
  },
  {
    "input": "Bread, Egg",
    "output": "French Toast: dip bread in egg-milk mix, pan-fry, drizzle honey."
  },
  {
    "input": "Pasta, Tomato",
    "output": "Tomato Basil Pasta: cook pasta, toss in tomato-garlic sauce with basil."
  },
  {
    "input": "Paneer, Tomato",
    "output": "Paneer Butter Masala: paneer in creamy tomato-butter sauce."
  },
  {
    "input": "Corn, Cheese",
    "output": "Cheesy Corn Toast: mix corn, cheese, mayo; spread on toast; bake."
  },
  {
    "input": "Beetroot, Yogurt",
    "output": "Beet Raita: grated beet in yogurt with cumin and salt."
  },
  {
    "input": "Oats, Banana",
    "output": "Banana Oat Pancakes: blend oats and banana, pan-cook small pancakes."
  },
  {
    "input": "Milk, Rice",
    "output": "Kheer: simmer rice in milk with sugar, cardamom, nuts."
  }
]